algoritmo,tamanho,complexidade,tempo,razao,tempo_max,tempo_min,memoria
mf_c,100,O(n),0.0006405,156133.0565294466,5.0008628368377686,0,3488
mf_c,1000,O(n),0.0036842,271427.8104977197,5.003171920776367,0,13864
mf_c,1500,O(n),0.0053660,279539.96391308476,5.001073837280273,0,17824
mf_c,200,O(n),0.0006879,290745.51230142807,5.000249147415161,0,3856
mf_c,2000,O(n),0.0073061,273742.11106832616,5.00471043586731,0,24132
mf_c,500,O(n),0.0017460,286362.1625160059,5.00066065788269,0,7448
